dep_nom,population,total_feminicide,feminicide_per_100k,Légende
Ain,663202,2.0,0.07539181124303003,Ain : 0.08 pour 100 000 habitants par an
Aisne,527468,5.0,0.2369812007553065,Aisne : 0.24 pour 100 000 habitants par an
Allier,334872,,,Allier : pas de données
Alpes-Maritimes,1103941,10.0,0.2264613779178416,Alpes-Maritimes : 0.23 pour 100 000 habitants par an
Alpes-de-Haute-Provence,166077,1.0,0.15053258428319394,Alpes-de-Haute-Provence : 0.15 pour 100 000 habitants par an
Ardennes,268722,4.0,0.37213179419623255,Ardennes : 0.37 pour 100 000 habitants par an
Ardèche,331415,,,Ardèche : pas de données
Ariège,154596,1.0,0.16171181660586303,Ariège : 0.16 pour 100 000 habitants par an
Aube,311329,,,Aube : pas de données
Aude,376028,1.0,0.06648441073537077,Aude : 0.07 pour 100 000 habitants par an
Aveyron,279649,1.0,0.08939778078948968,Aveyron : 0.09 pour 100 000 habitants par an
Bas-Rhin,1152662,3.0,0.06506677586317584,Bas-Rhin : 0.07 pour 100 000 habitants par an
Bouches-du-Rhône,2056943,20.0,0.2430791713722743,Bouches-du-Rhône : 0.24 pour 100 000 habitants par an
Calvados,700633,4.0,0.14272807589708164,Calvados : 0.14 pour 100 000 habitants par an
Cantal,144226,,,Cantal : pas de données
Charente,349684,,,Charente : pas de données
Charente-Maritime,661404,3.0,0.11339514124498794,Charente-Maritime : 0.11 pour 100 000 habitants par an
Cher,299539,1.0,0.08346158597044125,Cher : 0.08 pour 100 000 habitants par an
Corrèze,239784,2.0,0.20852100223534512,Corrèze : 0.21 pour 100 000 habitants par an
Corse-du-Sud,162942,1.0,0.1534288274355292,Corse-du-Sud : 0.15 pour 100 000 habitants par an
Creuse,115702,,,Creuse : pas de données
Côte-d'Or,535503,2.0,0.09337015852385515,Côte-d'Or : 0.09 pour 100 000 habitants par an
Côtes-d'Armor,605917,4.0,0.16503910601617053,Côtes-d'Armor : 0.17 pour 100 000 habitants par an
Deux-Sèvres,374587,3.0,0.2002205095211526,Deux-Sèvres : 0.20 pour 100 000 habitants par an
Dordogne,413730,6.0,0.36255528968167644,Dordogne : 0.36 pour 100 000 habitants par an
Doubs,545676,4.0,0.183258930207669,Doubs : 0.18 pour 100 000 habitants par an
Drôme,519458,1.0,0.048127086309191505,Drôme : 0.05 pour 100 000 habitants par an
Essonne,1313768,15.0,0.28543852491459676,Essonne : 0.29 pour 100 000 habitants par an
Eure,598934,2.0,0.08348165240243499,Eure : 0.08 pour 100 000 habitants par an
Eure-et-Loir,431277,5.0,0.2898369261518699,Eure-et-Loir : 0.29 pour 100 000 habitants par an
Finistère,921638,7.0,0.18987932355219728,Finistère : 0.19 pour 100 000 habitants par an
Gard,756543,7.0,0.23131533832181383,Gard : 0.23 pour 100 000 habitants par an
Gers,192437,2.0,0.25982529347266897,Gers : 0.26 pour 100 000 habitants par an
Gironde,1654970,9.0,0.13595412605666568,Gironde : 0.14 pour 100 000 habitants par an
Guadeloupe,384315,7.0,0.45535563274917706,Guadeloupe : 0.46 pour 100 000 habitants par an
Guyane,286618,4.0,0.34889644055851343,Guyane : 0.35 pour 100 000 habitants par an
Haut-Rhin,767083,6.0,0.19554598394176378,Haut-Rhin : 0.20 pour 100 000 habitants par an
Haute-Corse,184655,5.0,0.6769380737050175,Haute-Corse : 0.68 pour 100 000 habitants par an
Haute-Garonne,1434367,10.0,0.17429291108900302,Haute-Garonne : 0.17 pour 100 000 habitants par an
Haute-Loire,227284,,,Haute-Loire : pas de données
Haute-Marne,171042,1.0,0.1461629307421569,Haute-Marne : 0.15 pour 100 000 habitants par an
Haute-Savoie,841482,3.0,0.08912846620605076,Haute-Savoie : 0.09 pour 100 000 habitants par an
Haute-Saône,234296,,,Haute-Saône : pas de données
Haute-Vienne,371691,3.0,0.20178051123110324,Haute-Vienne : 0.20 pour 100 000 habitants par an
Hautes-Alpes,140976,3.0,0.5320054477357847,Hautes-Alpes : 0.53 pour 100 000 habitants par an
Hautes-Pyrénées,230956,4.0,0.43298290583487764,Hautes-Pyrénées : 0.43 pour 100 000 habitants par an
Hauts-de-Seine,1635291,9.0,0.1375901903697874,Hauts-de-Seine : 0.14 pour 100 000 habitants par an
Hérault,1201883,12.0,0.24960832293992014,Hérault : 0.25 pour 100 000 habitants par an
Ille-et-Vilaine,1097408,9.0,0.20502857642736336,Ille-et-Vilaine : 0.21 pour 100 000 habitants par an
Indre,217228,,,Indre : pas de données
Indre-et-Loire,612160,5.0,0.20419498170412964,Indre-et-Loire : 0.20 pour 100 000 habitants par an
Isère,1284948,6.0,0.11673624146658075,Isère : 0.12 pour 100 000 habitants par an
Jura,258555,3.0,0.29007367871439343,Jura : 0.29 pour 100 000 habitants par an
La Réunion,871157,9.0,0.2582772106520409,La Réunion : 0.26 pour 100 000 habitants par an
Landes,422976,,,Landes : pas de données
Loir-et-Cher,328504,3.0,0.22830772228039842,Loir-et-Cher : 0.23 pour 100 000 habitants par an
Loire,769029,4.0,0.13003410794651438,Loire : 0.13 pour 100 000 habitants par an
Loire-Atlantique,1457806,7.0,0.12004340769622296,Loire-Atlantique : 0.12 pour 100 000 habitants par an
Loiret,684561,2.0,0.07303950999253536,Loiret : 0.07 pour 100 000 habitants par an
Lot,174942,1.0,0.1429045054932492,Lot : 0.14 pour 100 000 habitants par an
Lot-et-Garonne,331229,5.0,0.37738241518707605,Lot-et-Garonne : 0.38 pour 100 000 habitants par an
Lozère,76519,,,Lozère : pas de données
Maine-et-Loire,824353,8.0,0.2426145110165184,Maine-et-Loire : 0.24 pour 100 000 habitants par an
Manche,495508,2.0,0.10090654439484327,Manche : 0.10 pour 100 000 habitants par an
Marne,565292,8.0,0.35379945231844784,Marne : 0.35 pour 100 000 habitants par an
Martinique,360749,5.0,0.34650130700293,Martinique : 0.35 pour 100 000 habitants par an
Mayenne,305933,3.0,0.24515171622544804,Mayenne : 0.25 pour 100 000 habitants par an
Mayotte,256518,3.0,0.2923771431244591,Mayotte : 0.29 pour 100 000 habitants par an
Meurthe-et-Moselle,732486,5.0,0.17065172576677234,Meurthe-et-Moselle : 0.17 pour 100 000 habitants par an
Meuse,181919,1.0,0.13742379850372968,Meuse : 0.14 pour 100 000 habitants par an
Morbihan,768687,7.0,0.22766093351390096,Morbihan : 0.23 pour 100 000 habitants par an
Moselle,1049942,7.0,0.1666758735244423,Moselle : 0.17 pour 100 000 habitants par an
Nièvre,202417,1.0,0.12350741291492315,Nièvre : 0.12 pour 100 000 habitants par an
Nord,2611293,22.0,0.2106236259201859,Nord : 0.21 pour 100 000 habitants par an
Oise,828838,2.0,0.06032541944264138,Oise : 0.06 pour 100 000 habitants par an
Orne,276973,2.0,0.18052301126824635,Orne : 0.18 pour 100 000 habitants par an
Paris,2133111,23.0,0.2695593431377926,Paris : 0.27 pour 100 000 habitants par an
Pas-de-Calais,1461441,10.0,0.1710640388493275,Pas-de-Calais : 0.17 pour 100 000 habitants par an
Puy-de-Dôme,662285,2.0,0.0754961987663921,Puy-de-Dôme : 0.08 pour 100 000 habitants par an
Pyrénées-Atlantiques,692723,4.0,0.14435784577673905,Pyrénées-Atlantiques : 0.14 pour 100 000 habitants par an
Pyrénées-Orientales,487307,4.0,0.2052094470221031,Pyrénées-Orientales : 0.21 pour 100 000 habitants par an
Rhône,1883177,17.0,0.22568245045473684,Rhône : 0.23 pour 100 000 habitants par an
Sarthe,566058,8.0,0.35332068445282994,Sarthe : 0.35 pour 100 000 habitants par an
Savoie,442468,3.0,0.1695037833244438,Savoie : 0.17 pour 100 000 habitants par an
Saône-et-Loire,549288,7.0,0.31859425292378496,Saône-et-Loire : 0.32 pour 100 000 habitants par an
Seine-Maritime,1255918,10.0,0.19905758178479807,Seine-Maritime : 0.20 pour 100 000 habitants par an
Seine-Saint-Denis,1668670,18.0,0.26967584962874624,Seine-Saint-Denis : 0.27 pour 100 000 habitants par an
Seine-et-Marne,1438100,7.0,0.12168833878033516,Seine-et-Marne : 0.12 pour 100 000 habitants par an
Somme,566252,8.0,0.35319963549797617,Somme : 0.35 pour 100 000 habitants par an
Tarn,393572,1.0,0.06352077891719939,Tarn : 0.06 pour 100 000 habitants par an
Tarn-et-Garonne,263377,4.0,0.3796838752055039,Tarn-et-Garonne : 0.38 pour 100 000 habitants par an
Territoire de Belfort,139654,2.0,0.35802769702264164,Territoire de Belfort : 0.36 pour 100 000 habitants par an
Val-d'Oise,1256456,9.0,0.17907511285711555,Val-d'Oise : 0.18 pour 100 000 habitants par an
Val-de-Marne,1415367,7.0,0.12364284316364589,Val-de-Marne : 0.12 pour 100 000 habitants par an
Var,1095337,12.0,0.2738883101730335,Var : 0.27 pour 100 000 habitants par an
Vaucluse,564566,7.0,0.3099726161334547,Vaucluse : 0.31 pour 100 000 habitants par an
Vendée,698727,7.0,0.25045547116398825,Vendée : 0.25 pour 100 000 habitants par an
Vienne,438907,6.0,0.34175804897165,Vienne : 0.34 pour 100 000 habitants par an
Vosges,360673,5.0,0.34657432078364614,Vosges : 0.35 pour 100 000 habitants par an
Yonne,333385,2.0,0.14997675360319151,Yonne : 0.15 pour 100 000 habitants par an
Yvelines,1456365,10.0,0.1716602637388292,Yvelines : 0.17 pour 100 000 habitants par an
